2588,2730,25423,2815,2815,65535,2815,2815,65535,2815,2815,65535,2815,2815,65535,2815,2815,65535,2815,2815,65535,2815,2815,65535,2815,2815,65535,2815,2815,65535,2815,2815,65535,2815,2815,65535,2815,2815,65535,2815,2815,65535,2815,2815,65535,2815,2815,65535
2580,2711,25424,2815,2815,65535,2815,2815,65535,2815,2815,65535,2815,2815,65535,2815,2815,65535,2815,2815,65535,2815,2815,65535,2815,2815,65535,2815,2815,65535,2815,2815,65535,2815,2815,65535,2815,2815,65535,2815,2815,65535,2815,2815,65535,2815,2815,65535
2587,2717,25401,2815,2815,65535,2815,2815,65535,2815,2815,65535,2815,2815,65535,2815,2815,65535,2815,2815,65535,2815,2815,65535,2815,2815,65535,2815,2815,65535,2815,2815,65535,2815,2815,65535,2815,2815,65535,2815,2815,65535,2815,2815,65535,2815,2815,65535
2590,2708,25429,2815,2815,65535,2815,2815,65535,2815,2815,65535,2815,2815,65535,2815,2815,65535,2815,2815,65535,2815,2815,65535,2815,2815,65535,2815,2815,65535,2815,2815,65535,2815,2815,65535,2815,2815,65535,2815,2815,65535,2815,2815,65535,2815,2815,65535
2576,2727,25422,2815,2815,65535,2815,2815,65535,2815,2815,65535,2815,2815,65535,2815,2815,65535,2815,2815,65535,2815,2815,65535,2815,2815,65535,2815,2815,65535,2815,2815,65535,2815,2815,65535,2815,2815,65535,2815,2815,65535,2815,2815,65535,2815,2815,65535
2586,2721,25408,2815,2815,65535,2815,2815,65535,2815,2815,65535,2815,2815,65535,2815,2815,65535,2815,2815,65535,2815,2815,65535,2815,2815,65535,2815,2815,65535,2815,2815,65535,2815,2815,65535,2815,2815,65535,2815,2815,65535,2815,2815,65535,2815,2815,65535
2591,2718,25437,2815,2815,65535,2815,2815,65535,2815,2815,65535,2815,2815,65535,2815,2815,65535,2815,2815,65535,2815,2815,65535,2815,2815,65535,2815,2815,65535,2815,2815,65535,2815,2815,65535,2815,2815,65535,2815,2815,65535,2815,2815,65535,2815,2815,65535
2584,2713,25406,2815,2815,65535,2815,2815,65535,2815,2815,65535,2815,2815,65535,2815,2815,65535,2815,2815,65535,2815,2815,65535,2815,2815,65535,2815,2815,65535,2815,2815,65535,2815,2815,65535,2815,2815,65535,2815,2815,65535,2815,2815,65535,2815,2815,65535
2584,2718,25417,2815,2815,65535,2815,2815,65535,2815,2815,65535,2815,2815,65535,2815,2815,65535,2815,2815,65535,2815,2815,65535,2815,2815,65535,2815,2815,65535,2815,2815,65535,2815,2815,65535,2815,2815,65535,2815,2815,65535,2815,2815,65535,2815,2815,65535
2592,2741,25413,2815,2815,65535,2815,2815,65535,2815,2815,65535,2815,2815,65535,2815,2815,65535,2815,2815,65535,2815,2815,65535,2815,2815,65535,2815,2815,65535,2815,2815,65535,2815,2815,65535,2815,2815,65535,2815,2815,65535,2815,2815,65535,2815,2815,65535
2587,2725,25416,2815,2815,65535,2815,2815,65535,2815,2815,65535,2815,2815,65535,2815,2815,65535,2815,2815,65535,2815,2815,65535,2815,2815,65535,2815,2815,65535,2815,2815,65535,2815,2815,65535,2815,2815,65535,2815,2815,65535,2815,2815,65535,2815,2815,65535
2581,2728,25415,2815,2815,65535,2815,2815,65535,2815,2815,65535,2815,2815,65535,2815,2815,65535,2815,2815,65535,2815,2815,65535,2815,2815,65535,2815,2815,65535,2815,2815,65535,2815,2815,65535,2815,2815,65535,2815,2815,65535,2815,2815,65535,2815,2815,65535
2586,2734,25425,2815,2815,65535,2815,2815,65535,2815,2815,65535,2815,2815,65535,2815,2815,65535,2815,2815,65535,2815,2815,65535,2815,2815,65535,2815,2815,65535,2815,2815,65535,2815,2815,65535,2815,2815,65535,2815,2815,65535,2815,2815,65535,2815,2815,65535
2590,2724,25422,2815,2815,65535,2815,2815,65535,2815,2815,65535,2815,2815,65535,2815,2815,65535,2815,2815,65535,2815,2815,65535,2815,2815,65535,2815,2815,65535,2815,2815,65535,2815,2815,65535,2815,2815,65535,2815,2815,65535,2815,2815,65535,2815,2815,65535
2587,2719,25432,2815,2815,65535,2815,2815,65535,2815,2815,65535,2815,2815,65535,2815,2815,65535,2815,2815,65535,2815,2815,65535,2815,2815,65535,2815,2815,65535,2815,2815,65535,2815,2815,65535,2815,2815,65535,2815,2815,65535,2815,2815,65535,2815,2815,65535
2586,2744,25420,2815,2815,65535,2815,2815,65535,2815,2815,65535,2815,2815,65535,2815,2815,65535,2815,2815,65535,2815,2815,65535,2815,2815,65535,2815,2815,65535,2815,2815,65535,2815,2815,65535,2815,2815,65535,2815,2815,65535,2815,2815,65535,2815,2815,65535
2588,2713,25407,2815,2815,65535,2815,2815,65535,2815,2815,65535,2815,2815,65535,2815,2815,65535,2815,2815,65535,2815,2815,65535,2815,2815,65535,2815,2815,65535,2815,2815,65535,2815,2815,65535,2815,2815,65535,2815,2815,65535,2815,2815,65535,2815,2815,65535
2593,2717,25409,2815,2815,65535,2815,2815,65535,2815,2815,65535,2815,2815,65535,2815,2815,65535,2815,2815,65535,2815,2815,65535,2815,2815,65535,2815,2815,65535,2815,2815,65535,2815,2815,65535,2815,2815,65535,2815,2815,65535,2815,2815,65535,2815,2815,65535
2582,2727,25426,2815,2815,65535,2815,2815,65535,2815,2815,65535,2815,2815,65535,2815,2815,65535,2815,2815,65535,2815,2815,65535,2815,2815,65535,2815,2815,65535,2815,2815,65535,2815,2815,65535,2815,2815,65535,2815,2815,65535,2815,2815,65535,2815,2815,65535
2586,2724,25433,2815,2815,65535,2815,2815,65535,2815,2815,65535,2815,2815,65535,2815,2815,65535,2815,2815,65535,2815,2815,65535,2815,2815,65535,2815,2815,65535,2815,2815,65535,2815,2815,65535,2815,2815,65535,2815,2815,65535,2815,2815,65535,2815,2815,65535
2577,2724,25410,2815,2815,65535,2815,2815,65535,2815,2815,65535,2815,2815,65535,2815,2815,65535,2815,2815,65535,2815,2815,65535,2815,2815,65535,2815,2815,65535,2815,2815,65535,2815,2815,65535,2815,2815,65535,2815,2815,65535,2815,2815,65535,2815,2815,65535
2593,2723,25429,2815,2815,65535,2815,2815,65535,2815,2815,65535,2815,2815,65535,2815,2815,65535,2815,2815,65535,2815,2815,65535,2815,2815,65535,2815,2815,65535,2815,2815,65535,2815,2815,65535,2815,2815,65535,2815,2815,65535,2815,2815,65535,2815,2815,65535
2586,2727,25415,2815,2815,65535,2815,2815,65535,2815,2815,65535,2815,2815,65535,2815,2815,65535,2815,2815,65535,2815,2815,65535,2815,2815,65535,2815,2815,65535,2815,2815,65535,2815,2815,65535,2815,2815,65535,2815,2815,65535,2815,2815,65535,2815,2815,65535
2587,2717,25425,2815,2815,65535,2815,2815,65535,2815,2815,65535,2815,2815,65535,2815,2815,65535,2815,2815,65535,2815,2815,65535,2815,2815,65535,2815,2815,65535,2815,2815,65535,2815,2815,65535,2815,2815,65535,2815,2815,65535,2815,2815,65535,2815,2815,65535
2583,2722,25412,2815,2815,65535,2815,2815,65535,2815,2815,65535,2815,2815,65535,2815,2815,65535,2815,2815,65535,2815,2815,65535,2815,2815,65535,2815,2815,65535,2815,2815,65535,2815,2815,65535,2815,2815,65535,2815,2815,65535,2815,2815,65535,2815,2815,65535
2585,2746,25436,2815,2815,65535,2815,2815,65535,2815,2815,65535,2815,2815,65535,2815,2815,65535,2815,2815,65535,2815,2815,65535,2815,2815,65535,2815,2815,65535,2815,2815,65535,2815,2815,65535,2815,2815,65535,2815,2815,65535,2815,2815,65535,2815,2815,65535
2587,2725,25425,2815,2815,65535,2815,2815,65535,2815,2815,65535,2815,2815,65535,2815,2815,65535,2815,2815,65535,2815,2815,65535,2815,2815,65535,2815,2815,65535,2815,2815,65535,2815,2815,65535,2815,2815,65535,2815,2815,65535,2815,2815,65535,2815,2815,65535
2588,2709,25410,2815,2815,65535,2815,2815,65535,2815,2815,65535,2815,2815,65535,2815,2815,65535,2815,2815,65535,2815,2815,65535,2815,2815,65535,2815,2815,65535,2815,2815,65535,2815,2815,65535,2815,2815,65535,2815,2815,65535,2815,2815,65535,2815,2815,65535
2589,2717,25414,2815,2815,65535,2815,2815,65535,2815,2815,65535,2815,2815,65535,2815,2815,65535,2815,2815,65535,2815,2815,65535,2815,2815,65535,2815,2815,65535,2815,2815,65535,2815,2815,65535,2815,2815,65535,2815,2815,65535,2815,2815,65535,2815,2815,65535
2590,2717,25421,2815,2815,65535,2815,2815,65535,2815,2815,65535,2815,2815,65535,2815,2815,65535,2815,2815,65535,2815,2815,65535,2815,2815,65535,2815,2815,65535,2815,2815,65535,2815,2815,65535,2815,2815,65535,2815,2815,65535,2815,2815,65535,2815,2815,65535
2589,2726,25426,2815,2815,65535,2815,2815,65535,2815,2815,65535,2815,2815,65535,2815,2815,65535,2815,2815,65535,2815,2815,65535,2815,2815,65535,2815,2815,65535,2815,2815,65535,2815,2815,65535,2815,2815,65535,2815,2815,65535,2815,2815,65535,2815,2815,65535
2584,2720,25423,2815,2815,65535,2815,2815,65535,2815,2815,65535,2815,2815,65535,2815,2815,65535,2815,2815,65535,2815,2815,65535,2815,2815,65535,2815,2815,65535,2815,2815,65535,2815,2815,65535,2815,2815,65535,2815,2815,65535,2815,2815,65535,2815,2815,65535
2592,2730,25430,2815,2815,65535,2815,2815,65535,2815,2815,65535,2815,2815,65535,2815,2815,65535,2815,2815,65535,2815,2815,65535,2815,2815,65535,2815,2815,65535,2815,2815,65535,2815,2815,65535,2815,2815,65535,2815,2815,65535,2815,2815,65535,2815,2815,65535
2595,2718,25410,2815,2815,65535,2815,2815,65535,2815,2815,65535,2815,2815,65535,2815,2815,65535,2815,2815,65535,2815,2815,65535,2815,2815,65535,2815,2815,65535,2815,2815,65535,2815,2815,65535,2815,2815,65535,2815,2815,65535,2815,2815,65535,2815,2815,65535
2586,2730,25423,2815,2815,65535,2815,2815,65535,2815,2815,65535,2815,2815,65535,2815,2815,65535,2815,2815,65535,2815,2815,65535,2815,2815,65535,2815,2815,65535,2815,2815,65535,2815,2815,65535,2815,2815,65535,2815,2815,65535,2815,2815,65535,2815,2815,65535
2587,2729,25419,2815,2815,65535,2815,2815,65535,2815,2815,65535,2815,2815,65535,2815,2815,65535,2815,2815,65535,2815,2815,65535,2815,2815,65535,2815,2815,65535,2815,2815,65535,2815,2815,65535,2815,2815,65535,2815,2815,65535,2815,2815,65535,2815,2815,65535
2582,2727,25416,2815,2815,65535,2815,2815,65535,2815,2815,65535,2815,2815,65535,2815,2815,65535,2815,2815,65535,2815,2815,65535,2815,2815,65535,2815,2815,65535,2815,2815,65535,2815,2815,65535,2815,2815,65535,2815,2815,65535,2815,2815,65535,2815,2815,65535
2588,2713,25422,2815,2815,65535,2815,2815,65535,2815,2815,65535,2815,2815,65535,2815,2815,65535,2815,2815,65535,2815,2815,65535,2815,2815,65535,2815,2815,65535,2815,2815,65535,2815,2815,65535,2815,2815,65535,2815,2815,65535,2815,2815,65535,2815,2815,65535
2585,2731,25413,2815,2815,65535,2815,2815,65535,2815,2815,65535,2815,2815,65535,2815,2815,65535,2815,2815,65535,2815,2815,65535,2815,2815,65535,2815,2815,65535,2815,2815,65535,2815,2815,65535,2815,2815,65535,2815,2815,65535,2815,2815,65535,2815,2815,65535
2586,2713,25412,2815,2815,65535,2815,2815,65535,2815,2815,65535,2815,2815,65535,2815,2815,65535,2815,2815,65535,2815,2815,65535,2815,2815,65535,2815,2815,65535,2815,2815,65535,2815,2815,65535,2815,2815,65535,2815,2815,65535,2815,2815,65535,2815,2815,65535
2582,2715,25410,2815,2815,65535,2815,2815,65535,2815,2815,65535,2815,2815,65535,2815,2815,65535,2815,2815,65535,2815,2815,65535,2815,2815,65535,2815,2815,65535,2815,2815,65535,2815,2815,65535,2815,2815,65535,2815,2815,65535,2815,2815,65535,2815,2815,65535
2592,2723,25416,2815,2815,65535,2815,2815,65535,2815,2815,65535,2815,2815,65535,2815,2815,65535,2815,2815,65535,2815,2815,65535,2815,2815,65535,2815,2815,65535,2815,2815,65535,2815,2815,65535,2815,2815,65535,2815,2815,65535,2815,2815,65535,2815,2815,65535
2581,2723,25413,2815,2815,65535,2815,2815,65535,2815,2815,65535,2815,2815,65535,2815,2815,65535,2815,2815,65535,2815,2815,65535,2815,2815,65535,2815,2815,65535,2815,2815,65535,2815,2815,65535,2815,2815,65535,2815,2815,65535,2815,2815,65535,2815,2815,65535
2587,2737,25411,2815,2815,65535,2815,2815,65535,2815,2815,65535,2815,2815,65535,2815,2815,65535,2815,2815,65535,2815,2815,65535,2815,2815,65535,2815,2815,65535,2815,2815,65535,2815,2815,65535,2815,2815,65535,2815,2815,65535,2815,2815,65535,2815,2815,65535
2585,2728,25437,2815,2815,65535,2815,2815,65535,2815,2815,65535,2815,2815,65535,2815,2815,65535,2815,2815,65535,2815,2815,65535,2815,2815,65535,2815,2815,65535,2815,2815,65535,2815,2815,65535,2815,2815,65535,2815,2815,65535,2815,2815,65535,2815,2815,65535
2594,2718,25434,2815,2815,65535,2815,2815,65535,2815,2815,65535,2815,2815,65535,2815,2815,65535,2815,2815,65535,2815,2815,65535,2815,2815,65535,2815,2815,65535,2815,2815,65535,2815,2815,65535,2815,2815,65535,2815,2815,65535,2815,2815,65535,2815,2815,65535
2588,2712,25414,2815,2815,65535,2815,2815,65535,2815,2815,65535,2815,2815,65535,2815,2815,65535,2815,2815,65535,2815,2815,65535,2815,2815,65535,2815,2815,65535,2815,2815,65535,2815,2815,65535,2815,2815,65535,2815,2815,65535,2815,2815,65535,2815,2815,65535
2582,2730,25429,2815,2815,65535,2815,2815,65535,2815,2815,65535,2815,2815,65535,2815,2815,65535,2815,2815,65535,2815,2815,65535,2815,2815,65535,2815,2815,65535,2815,2815,65535,2815,2815,65535,2815,2815,65535,2815,2815,65535,2815,2815,65535,2815,2815,65535
2588,2725,25412,2815,2815,65535,2815,2815,65535,2815,2815,65535,2815,2815,65535,2815,2815,65535,2815,2815,65535,2815,2815,65535,2815,2815,65535,2815,2815,65535,2815,2815,65535,2815,2815,65535,2815,2815,65535,2815,2815,65535,2815,2815,65535,2815,2815,65535
2585,2724,25422,2815,2815,65535,2815,2815,65535,2815,2815,65535,2815,2815,65535,2815,2815,65535,2815,2815,65535,2815,2815,65535,2815,2815,65535,2815,2815,65535,2815,2815,65535,2815,2815,65535,2815,2815,65535,2815,2815,65535,2815,2815,65535,2815,2815,65535
2586,2722,25400,2815,2815,65535,2815,2815,65535,2815,2815,65535,2815,2815,65535,2815,2815,65535,2815,2815,65535,2815,2815,65535,2815,2815,65535,2815,2815,65535,2815,2815,65535,2815,2815,65535,2815,2815,65535,2815,2815,65535,2815,2815,65535,2815,2815,65535
2584,2736,25415,2815,2815,65535,2815,2815,65535,2815,2815,65535,2815,2815,65535,2815,2815,65535,2815,2815,65535,2815,2815,65535,2815,2815,65535,2815,2815,65535,2815,2815,65535,2815,2815,65535,2815,2815,65535,2815,2815,65535,2815,2815,65535,2815,2815,65535
2581,2719,25408,2815,2815,65535,2815,2815,65535,2815,2815,65535,2815,2815,65535,2815,2815,65535,2815,2815,65535,2815,2815,65535,2815,2815,65535,2815,2815,65535,2815,2815,65535,2815,2815,65535,2815,2815,65535,2815,2815,65535,2815,2815,65535,2815,2815,65535
2585,2721,25424,2815,2815,65535,2815,2815,65535,2815,2815,65535,2815,2815,65535,2815,2815,65535,2815,2815,65535,2815,2815,65535,2815,2815,65535,2815,2815,65535,2815,2815,65535,2815,2815,65535,2815,2815,65535,2815,2815,65535,2815,2815,65535,2815,2815,65535
2589,2719,25403,2815,2815,65535,2815,2815,65535,2815,2815,65535,2815,2815,65535,2815,2815,65535,2815,2815,65535,2815,2815,65535,2815,2815,65535,2815,2815,65535,2815,2815,65535,2815,2815,65535,2815,2815,65535,2815,2815,65535,2815,2815,65535,2815,2815,65535
2589,2728,25418,2815,2815,65535,2815,2815,65535,2815,2815,65535,2815,2815,65535,2815,2815,65535,2815,2815,65535,2815,2815,65535,2815,2815,65535,2815,2815,65535,2815,2815,65535,2815,2815,65535,2815,2815,65535,2815,2815,65535,2815,2815,65535,2815,2815,65535
2588,2726,25418,2815,2815,65535,2815,2815,65535,2815,2815,65535,2815,2815,65535,2815,2815,65535,2815,2815,65535,2815,2815,65535,2815,2815,65535,2815,2815,65535,2815,2815,65535,2815,2815,65535,2815,2815,65535,2815,2815,65535,2815,2815,65535,2815,2815,65535
2591,2713,25417,2815,2815,65535,2815,2815,65535,2815,2815,65535,2815,2815,65535,2815,2815,65535,2815,2815,65535,2815,2815,65535,2815,2815,65535,2815,2815,65535,2815,2815,65535,2815,2815,65535,2815,2815,65535,2815,2815,65535,2815,2815,65535,2815,2815,65535
2576,2723,25433,2815,2815,65535,2815,2815,65535,2815,2815,65535,2815,2815,65535,2815,2815,65535,2815,2815,65535,2815,2815,65535,2815,2815,65535,2815,2815,65535,2815,2815,65535,2815,2815,65535,2815,2815,65535,2815,2815,65535,2815,2815,65535,2815,2815,65535
2581,2715,25429,2815,2815,65535,2815,2815,65535,2815,2815,65535,2815,2815,65535,2815,2815,65535,2815,2815,65535,2815,2815,65535,2815,2815,65535,2815,2815,65535,2815,2815,65535,2815,2815,65535,2815,2815,65535,2815,2815,65535,2815,2815,65535,2815,2815,65535
2589,2721,25417,2815,2815,65535,2815,2815,65535,2815,2815,65535,2815,2815,65535,2815,2815,65535,2815,2815,65535,2815,2815,65535,2815,2815,65535,2815,2815,65535,2815,2815,65535,2815,2815,65535,2815,2815,65535,2815,2815,65535,2815,2815,65535,2815,2815,65535
2585,2722,25407,2815,2815,65535,2815,2815,65535,2815,2815,65535,2815,2815,65535,2815,2815,65535,2815,2815,65535,2815,2815,65535,2815,2815,65535,2815,2815,65535,2815,2815,65535,2815,2815,65535,2815,2815,65535,2815,2815,65535,2815,2815,65535,2815,2815,65535
2579,2708,25426,2815,2815,65535,2815,2815,65535,2815,2815,65535,2815,2815,65535,2815,2815,65535,2815,2815,65535,2815,2815,65535,2815,2815,65535,2815,2815,65535,2815,2815,65535,2815,2815,65535,2815,2815,65535,2815,2815,65535,2815,2815,65535,2815,2815,65535
2579,2729,25397,2815,2815,65535,2815,2815,65535,2815,2815,65535,2815,2815,65535,2815,2815,65535,2815,2815,65535,2815,2815,65535,2815,2815,65535,2815,2815,65535,2815,2815,65535,2815,2815,65535,2815,2815,65535,2815,2815,65535,2815,2815,65535,2815,2815,65535
2589,2718,25411,2815,2815,65535,2815,2815,65535,2815,2815,65535,2815,2815,65535,2815,2815,65535,2815,2815,65535,2815,2815,65535,2815,2815,65535,2815,2815,65535,2815,2815,65535,2815,2815,65535,2815,2815,65535,2815,2815,65535,2815,2815,65535,2815,2815,65535
2586,2731,25394,2815,2815,65535,2815,2815,65535,2815,2815,65535,2815,2815,65535,2815,2815,65535,2815,2815,65535,2815,2815,65535,2815,2815,65535,2815,2815,65535,2815,2815,65535,2815,2815,65535,2815,2815,65535,2815,2815,65535,2815,2815,65535,2815,2815,65535
2582,2723,25426,2815,2815,65535,2815,2815,65535,2815,2815,65535,2815,2815,65535,2815,2815,65535,2815,2815,65535,2815,2815,65535,2815,2815,65535,2815,2815,65535,2815,2815,65535,2815,2815,65535,2815,2815,65535,2815,2815,65535,2815,2815,65535,2815,2815,65535
2583,2724,25410,2815,2815,65535,2815,2815,65535,2815,2815,65535,2815,2815,65535,2815,2815,65535,2815,2815,65535,2815,2815,65535,2815,2815,65535,2815,2815,65535,2815,2815,65535,2815,2815,65535,2815,2815,65535,2815,2815,65535,2815,2815,65535,2815,2815,65535
2584,2735,25419,2815,2815,65535,2815,2815,65535,2815,2815,65535,2815,2815,65535,2815,2815,65535,2815,2815,65535,2815,2815,65535,2815,2815,65535,2815,2815,65535,2815,2815,65535,2815,2815,65535,2815,2815,65535,2815,2815,65535,2815,2815,65535,2815,2815,65535
2591,2713,25419,2815,2815,65535,2815,2815,65535,2815,2815,65535,2815,2815,65535,2815,2815,65535,2815,2815,65535,2815,2815,65535,2815,2815,65535,2815,2815,65535,2815,2815,65535,2815,2815,65535,2815,2815,65535,2815,2815,65535,2815,2815,65535,2815,2815,65535
2586,2734,25421,2815,2815,65535,2815,2815,65535,2815,2815,65535,2815,2815,65535,2815,2815,65535,2815,2815,65535,2815,2815,65535,2815,2815,65535,2815,2815,65535,2815,2815,65535,2815,2815,65535,2815,2815,65535,2815,2815,65535,2815,2815,65535,2815,2815,65535
2586,2727,25406,2815,2815,65535,2815,2815,65535,2815,2815,65535,2815,2815,65535,2815,2815,65535,2815,2815,65535,2815,2815,65535,2815,2815,65535,2815,2815,65535,2815,2815,65535,2815,2815,65535,2815,2815,65535,2815,2815,65535,2815,2815,65535,2815,2815,65535
2590,2722,25421,2815,2815,65535,2815,2815,65535,2815,2815,65535,2815,2815,65535,2815,2815,65535,2815,2815,65535,2815,2815,65535,2815,2815,65535,2815,2815,65535,2815,2815,65535,2815,2815,65535,2815,2815,65535,2815,2815,65535,2815,2815,65535,2815,2815,65535
2582,2735,25417,2815,2815,65535,2815,2815,65535,2815,2815,65535,2815,2815,65535,2815,2815,65535,2815,2815,65535,2815,2815,65535,2815,2815,65535,2815,2815,65535,2815,2815,65535,2815,2815,65535,2815,2815,65535,2815,2815,65535,2815,2815,65535,2815,2815,65535
2586,2731,25406,2815,2815,65535,2815,2815,65535,2815,2815,65535,2815,2815,65535,2815,2815,65535,2815,2815,65535,2815,2815,65535,2815,2815,65535,2815,2815,65535,2815,2815,65535,2815,2815,65535,2815,2815,65535,2815,2815,65535,2815,2815,65535,2815,2815,65535
2589,2717,25399,2815,2815,65535,2815,2815,65535,2815,2815,65535,2815,2815,65535,2815,2815,65535,2815,2815,65535,2815,2815,65535,2815,2815,65535,2815,2815,65535,2815,2815,65535,2815,2815,65535,2815,2815,65535,2815,2815,65535,2815,2815,65535,2815,2815,65535
2584,2724,25410,2815,2815,65535,2815,2815,65535,2815,2815,65535,2815,2815,65535,2815,2815,65535,2815,2815,65535,2815,2815,65535,2815,2815,65535,2815,2815,65535,2815,2815,65535,2815,2815,65535,2815,2815,65535,2815,2815,65535,2815,2815,65535,2815,2815,65535
2584,2717,25401,2815,2815,65535,2815,2815,65535,2815,2815,65535,2815,2815,65535,2815,2815,65535,2815,2815,65535,2815,2815,65535,2815,2815,65535,2815,2815,65535,2815,2815,65535,2815,2815,65535,2815,2815,65535,2815,2815,65535,2815,2815,65535,2815,2815,65535
2582,2740,25406,2815,2815,65535,2815,2815,65535,2815,2815,65535,2815,2815,65535,2815,2815,65535,2815,2815,65535,2815,2815,65535,2815,2815,65535,2815,2815,65535,2815,2815,65535,2815,2815,65535,2815,2815,65535,2815,2815,65535,2815,2815,65535,2815,2815,65535
2586,2712,25416,2815,2815,65535,2815,2815,65535,2815,2815,65535,2815,2815,65535,2815,2815,65535,2815,2815,65535,2815,2815,65535,2815,2815,65535,2815,2815,65535,2815,2815,65535,2815,2815,65535,2815,2815,65535,2815,2815,65535,2815,2815,65535,2815,2815,65535
2581,2713,25424,2815,2815,65535,2815,2815,65535,2815,2815,65535,2815,2815,65535,2815,2815,65535,2815,2815,65535,2815,2815,65535,2815,2815,65535,2815,2815,65535,2815,2815,65535,2815,2815,65535,2815,2815,65535,2815,2815,65535,2815,2815,65535,2815,2815,65535
2587,2720,25426,2815,2815,65535,2815,2815,65535,2815,2815,65535,2815,2815,65535,2815,2815,65535,2815,2815,65535,2815,2815,65535,2815,2815,65535,2815,2815,65535,2815,2815,65535,2815,2815,65535,2815,2815,65535,2815,2815,65535,2815,2815,65535,2815,2815,65535
2586,2723,25427,2815,2815,65535,2815,2815,65535,2815,2815,65535,2815,2815,65535,2815,2815,65535,2815,2815,65535,2815,2815,65535,2815,2815,65535,2815,2815,65535,2815,2815,65535,2815,2815,65535,2815,2815,65535,2815,2815,65535,2815,2815,65535,2815,2815,65535
2591,2720,25424,2815,2815,65535,2815,2815,65535,2815,2815,65535,2815,2815,65535,2815,2815,65535,2815,2815,65535,2815,2815,65535,2815,2815,65535,2815,2815,65535,2815,2815,65535,2815,2815,65535,2815,2815,65535,2815,2815,65535,2815,2815,65535,2815,2815,65535
2587,2728,25417,2815,2815,65535,2815,2815,65535,2815,2815,65535,2815,2815,65535,2815,2815,65535,2815,2815,65535,2815,2815,65535,2815,2815,65535,2815,2815,65535,2815,2815,65535,2815,2815,65535,2815,2815,65535,2815,2815,65535,2815,2815,65535,2815,2815,65535
2589,2732,25418,2815,2815,65535,2815,2815,65535,2815,2815,65535,2815,2815,65535,2815,2815,65535,2815,2815,65535,2815,2815,65535,2815,2815,65535,2815,2815,65535,2815,2815,65535,2815,2815,65535,2815,2815,65535,2815,2815,65535,2815,2815,65535,2815,2815,65535
2585,2730,25429,2815,2815,65535,2815,2815,65535,2815,2815,65535,2815,2815,65535,2815,2815,65535,2815,2815,65535,2815,2815,65535,2815,2815,65535,2815,2815,65535,2815,2815,65535,2815,2815,65535,2815,2815,65535,2815,2815,65535,2815,2815,65535,2815,2815,65535
2589,2730,25414,2815,2815,65535,2815,2815,65535,2815,2815,65535,2815,2815,65535,2815,2815,65535,2815,2815,65535,2815,2815,65535,2815,2815,65535,2815,2815,65535,2815,2815,65535,2815,2815,65535,2815,2815,65535,2815,2815,65535,2815,2815,65535,2815,2815,65535
2587,2709,25412,2815,2815,65535,2815,2815,65535,2815,2815,65535,2815,2815,65535,2815,2815,65535,2815,2815,65535,2815,2815,65535,2815,2815,65535,2815,2815,65535,2815,2815,65535,2815,2815,65535,2815,2815,65535,2815,2815,65535,2815,2815,65535,2815,2815,65535
2589,2719,25416,2815,2815,65535,2815,2815,65535,2815,2815,65535,2815,2815,65535,2815,2815,65535,2815,2815,65535,2815,2815,65535,2815,2815,65535,2815,2815,65535,2815,2815,65535,2815,2815,65535,2815,2815,65535,2815,2815,65535,2815,2815,65535,2815,2815,65535
2586,2719,25408,2815,2815,65535,2815,2815,65535,2815,2815,65535,2815,2815,65535,2815,2815,65535,2815,2815,65535,2815,2815,65535,2815,2815,65535,2815,2815,65535,2815,2815,65535,2815,2815,65535,2815,2815,65535,2815,2815,65535,2815,2815,65535,2815,2815,65535
2584,2727,25396,2815,2815,65535,2815,2815,65535,2815,2815,65535,2815,2815,65535,2815,2815,65535,2815,2815,65535,2815,2815,65535,2815,2815,65535,2815,2815,65535,2815,2815,65535,2815,2815,65535,2815,2815,65535,2815,2815,65535,2815,2815,65535,2815,2815,65535
2589,2710,25401,2815,2815,65535,2815,2815,65535,2815,2815,65535,2815,2815,65535,2815,2815,65535,2815,2815,65535,2815,2815,65535,2815,2815,65535,2815,2815,65535,2815,2815,65535,2815,2815,65535,2815,2815,65535,2815,2815,65535,2815,2815,65535,2815,2815,65535
2585,2701,25397,2815,2815,65535,2815,2815,65535,2815,2815,65535,2815,2815,65535,2815,2815,65535,2815,2815,65535,2815,2815,65535,2815,2815,65535,2815,2815,65535,2815,2815,65535,2815,2815,65535,2815,2815,65535,2815,2815,65535,2815,2815,65535,2815,2815,65535
2593,2715,25398,2815,2815,65535,2815,2815,65535,2815,2815,65535,2815,2815,65535,2815,2815,65535,2815,2815,65535,2815,2815,65535,2815,2815,65535,2815,2815,65535,2815,2815,65535,2815,2815,65535,2815,2815,65535,2815,2815,65535,2815,2815,65535,2815,2815,65535
2587,2729,25407,2815,2815,65535,2815,2815,65535,2815,2815,65535,2815,2815,65535,2815,2815,65535,2815,2815,65535,2815,2815,65535,2815,2815,65535,2815,2815,65535,2815,2815,65535,2815,2815,65535,2815,2815,65535,2815,2815,65535,2815,2815,65535,2815,2815,65535
2586,2721,25422,2815,2815,65535,2815,2815,65535,2815,2815,65535,2815,2815,65535,2815,2815,65535,2815,2815,65535,2815,2815,65535,2815,2815,65535,2815,2815,65535,2815,2815,65535,2815,2815,65535,2815,2815,65535,2815,2815,65535,2815,2815,65535,2815,2815,65535
2584,2721,25396,2815,2815,65535,2815,2815,65535,2815,2815,65535,2815,2815,65535,2815,2815,65535,2815,2815,65535,2815,2815,65535,2815,2815,65535,2815,2815,65535,2815,2815,65535,2815,2815,65535,2815,2815,65535,2815,2815,65535,2815,2815,65535,2815,2815,65535
2585,2720,25409,2815,2815,65535,2815,2815,65535,2815,2815,65535,2815,2815,65535,2815,2815,65535,2815,2815,65535,2815,2815,65535,2815,2815,65535,2815,2815,65535,2815,2815,65535,2815,2815,65535,2815,2815,65535,2815,2815,65535,2815,2815,65535,2815,2815,65535
2587,2717,25409,2815,2815,65535,2815,2815,65535,2815,2815,65535,2815,2815,65535,2815,2815,65535,2815,2815,65535,2815,2815,65535,2815,2815,65535,2815,2815,65535,2815,2815,65535,2815,2815,65535,2815,2815,65535,2815,2815,65535,2815,2815,65535,2815,2815,65535
